1540446386.268145,3232236151,3232236033,1,0,1,0,-0.2692307692307692,0,1,0,0,0,0,0,0,0,0,0,0
1540446387.479365,3232236151,3232236033,1,0,1,0,-0.07692307692307693,0,1,0,0,0,0,0,0,0,0,0,0
1540446396.26446,3232236151,3232236033,1,0,1,0,-0.2692307692307692,0,1,0,0,0,0,0,0,0,0,0,0
1540446397.490761,3232236151,3232236033,1,0,1,0,-0.07692307692307693,0,1,0,0,0,0,0,0,0,0,0,0
1540446406.275296,3232236151,3232236033,1,0,1,0,-0.2692307692307692,0,1,0,0,0,0,0,0,0,0,0,0
1540446407.503528,3232236151,3232236033,1,0,1,0,-0.07692307692307693,0,1,0,0,0,0,0,0,0,0,0,0
1540446416.289594,3232236151,3232236033,1,0,1,0,-0.2692307692307692,0,1,0,0,0,0,0,0,0,0,0,0
1540446426.298998,3232236151,3232236033,1,0,1,0,-0.2692307692307692,0,1,0,0,0,0,0,0,0,0,0,0
1540446433.13634,3232236151,3232236033,1,0,1,0,-0.07692307692307693,0,1,0,0,0,0,0,0,0,0,0,0
1540446436.31108,3232236151,3232236033,1,0,1,0,-0.2692307692307692,0,1,0,0,0,0,0,0,0,0,0,0
1540446443.147537,3232236151,3232236033,1,0,1,0,-0.07692307692307693,0,1,0,0,0,0,0,0,0,0,0,0
1540446446.324358,3232236151,3232236033,1,0,1,0,-0.2692307692307692,0,1,0,0,0,0,0,0,0,0,0,0
1540446453.159154,3232236151,3232236033,1,0,1,0,-0.07692307692307693,0,1,0,0,0,0,0,0,0,0,0,0
1540446456.335165,3232236151,3232236033,1,0,1,0,-0.2692307692307692,0,1,0,0,0,0,0,0,0,0,0,0
1540446466.347252,3232236151,3232236033,1,0,1,0,-0.2692307692307692,0,1,0,0,0,0,0,0,0,0,0,0
1540446476.359625,3232236151,3232236033,1,0,1,0,-0.2692307692307692,0,1,0,0,0,0,0,0,0,0,0,0
1540446478.791764,3232236151,3232236033,1,0,1,0,-0.07692307692307693,0,1,0,0,0,0,0,0,0,0,0,0
1540446486.371385,3232236151,3232236033,1,0,1,0,-0.2692307692307692,0,1,0,0,0,0,0,0,0,0,0,0
1540446488.805168,3232236151,3232236033,1,0,1,0,-0.07692307692307693,0,1,0,0,0,0,0,0,0,0,0,0
1540446496.395865,3232236151,3232236033,1,0,1,0,-0.2692307692307692,0,1,0,0,0,0,0,0,0,0,0,0
1540446498.815484,3232236151,3232236033,1,0,1,0,-0.07692307692307693,0,1,0,0,0,0,0,0,0,0,0,0
1540446506.398195,3232236151,3232236033,1,0,1,0,-0.2692307692307692,0,1,0,0,0,0,0,0,0,0,0,0
1540446516.407655,3232236151,3232236033,1,0,1,0,-0.2692307692307692,0,1,0,0,0,0,0,0,0,0,0,0
1540446524.448371,3232236151,3232236033,1,0,1,0,-0.07692307692307693,0,1,0,0,0,0,0,0,0,0,0,0
1540446526.420032,3232236151,3232236033,1,0,1,0,-0.2692307692307692,0,1,0,0,0,0,0,0,0,0,0,0
1540446534.461266,3232236151,3232236033,1,0,1,0,-0.07692307692307693,0,1,0,0,0,0,0,0,0,0,0,0
1540446536.433304,3232236151,3232236033,1,0,1,0,-0.2692307692307692,0,1,0,0,0,0,0,0,0,0,0,0
1540446544.471898,3232236151,3232236033,1,0,1,0,-0.07692307692307693,0,1,0,0,0,0,0,0,0,0,0,0
1540446546.443858,3232236151,3232236033,1,0,1,0,-0.2692307692307692,0,1,0,0,0,0,0,0,0,0,0,0
1540446556.459175,3232236151,3232236033,1,0,1,0,-0.2692307692307692,0,1,0,0,0,0,0,0,0,0,0,0
1540446566.474038,3232236151,3232236033,1,0,1,0,-0.2692307692307692,0,1,0,0,0,0,0,0,0,0,0,0
1540446570.104539,3232236151,3232236033,1,0,1,0,-0.07692307692307693,0,1,0,0,0,0,0,0,0,0,0,0
1540446576.480315,3232236151,3232236033,1,0,1,0,-0.2692307692307692,0,1,0,0,0,0,0,0,0,0,0,0
1540446580.116633,3232236151,3232236033,1,0,1,0,-0.07692307692307693,0,1,0,0,0,0,0,0,0,0,0,0
1540446586.493429,3232236151,3232236033,1,0,1,0,-0.2692307692307692,0,1,0,0,0,0,0,0,0,0,0,0
1540446590.147904,3232236151,3232236033,1,0,1,0,-0.07692307692307693,0,1,0,0,0,0,0,0,0,0,0,0
1540446596.507394,3232236151,3232236033,1,0,1,0,-0.2692307692307692,0,1,0,0,0,0,0,0,0,0,0,0
1540446615.944412,3232236151,3232236033,1,0,1,0,-0.07692307692307693,0,1,0,0,0,0,0,0,0,0,0,0
1540446616.537424,3232236151,3232236033,1,0,1,0,-0.2692307692307692,0,1,0,0,0,0,0,0,0,0,0,0
1540446625.940521,3232236151,3232236033,1,0,1,0,-0.07692307692307693,0,1,0,0,0,0,0,0,0,0,0,0
1540446626.54935,3232236151,3232236033,1,0,1,0,-0.19230769230769232,0,1,0,0,0,0,0,0,0,0,0,0
1540446635.952525,3232236151,3232236033,1,0,1,0,-0.07692307692307693,0,1,0,0,0,0,0,0,0,0,0,0
1540446636.557029,3232236151,3232236033,1,0,1,0,-0.19230769230769232,0,1,0,0,0,0,0,0,0,0,0,0
1540446645.994436,3232236151,3232236033,1,0,1,0,-0.07692307692307693,0,1,0,0,0,0,0,0,0,0,0,0
1540446646.570654,3232236151,3232236033,1,0,1,0,-0.19230769230769232,0,1,0,0,0,0,0,0,0,0,0,0
1540446656.004712,3232236151,3232236033,1,0,1,0,-0.07692307692307693,0,1,0,0,0,0,0,0,0,0,0,0
1540446656.581286,3232236151,3232236033,1,0,1,0,-0.11538461538461539,0,1,0,0,0,0,0,0,0,0,0,0
1540446666.016958,3232236151,3232236033,1,0,1,0,-0.07692307692307693,0,1,0,0,0,0,0,0,0,0,0,0
1540446666.592791,3232236151,3232236033,1,0,1,0,-0.11538461538461539,0,1,0,0,0,0,0,0,0,0,0,0
1540446676.605918,3232236151,3232236033,1,0,1,0,-0.11538461538461539,0,1,0,0,0,0,0,0,0,0,0,0
1540446686.622473,3232236151,3232236033,1,0,1,0,-0.11538461538461539,0,1,0,0,0,0,0,0,0,0,0,0
1540446691.649506,3232236151,3232236033,1,0,1,0,-0.07692307692307693,0,1,0,0,0,0,0,0,0,0,0,0
1540446696.629038,3232236151,3232236033,1,0,1,0,-0.11538461538461539,0,1,0,0,0,0,0,0,0,0,0,0
1540446701.661791,3232236151,3232236033,1,0,1,0,-0.07692307692307693,0,1,0,0,0,0,0,0,0,0,0,0
1540446706.646143,3232236151,3232236033,1,0,1,0,-0.11538461538461539,0,1,0,0,0,0,0,0,0,0,0,0
1540446711.675993,3232236151,3232236033,1,0,1,0,-0.07692307692307693,0,1,0,0,0,0,0,0,0,0,0,0
1540446716.653525,3232236151,3232236033,1,0,1,0,-0.2692307692307692,0,1,0,0,0,0,0,0,0,0,0,0
1540446726.665299,3232236151,3232236033,1,0,1,0,-0.2692307692307692,0,1,0,0,0,0,0,0,0,0,0,0
1540446736.677502,3232236151,3232236033,1,0,1,0,-0.2692307692307692,0,1,0,0,0,0,0,0,0,0,0,0
1540446737.306138,3232236151,3232236033,1,0,1,0,-0.07692307692307693,0,1,0,0,0,0,0,0,0,0,0,0
1540446746.694087,3232236151,3232236033,1,0,1,0,-0.2692307692307692,0,1,0,0,0,0,0,0,0,0,0,0
1540446747.317424,3232236151,3232236033,1,0,1,0,-0.07692307692307693,0,1,0,0,0,0,0,0,0,0,0,0
1540446756.701498,3232236151,3232236033,1,0,1,0,-0.2692307692307692,0,1,0,0,0,0,0,0,0,0,0,0
1540446757.329527,3232236151,3232236033,1,0,1,0,-0.07692307692307693,0,1,0,0,0,0,0,0,0,0,0,0
1540446766.714509,3232236151,3232236033,1,0,1,0,-0.2692307692307692,0,1,0,0,0,0,0,0,0,0,0,0
1540446776.726008,3232236151,3232236033,1,0,1,0,-0.2692307692307692,0,1,0,0,0,0,0,0,0,0,0,0
1540446782.971077,3232236151,3232236033,1,0,1,0,-0.07692307692307693,0,1,0,0,0,0,0,0,0,0,0,0
1540446786.738347,3232236151,3232236033,1,0,1,0,-0.2692307692307692,0,1,0,0,0,0,0,0,0,0,0,0
1540446792.978552,3232236151,3232236033,1,0,1,0,-0.07692307692307693,0,1,0,0,0,0,0,0,0,0,0,0
1540446796.749965,3232236151,3232236033,1,0,1,0,-0.2692307692307692,0,1,0,0,0,0,0,0,0,0,0,0
1540446802.985973,3232236151,3232236033,1,0,1,0,-0.07692307692307693,0,1,0,0,0,0,0,0,0,0,0,0
1540446806.765976,3232236151,3232236033,1,0,1,0,-0.2692307692307692,0,1,0,0,0,0,0,0,0,0,0,0
1540446816.774346,3232236151,3232236033,1,0,1,0,-0.2692307692307692,0,1,0,0,0,0,0,0,0,0,0,0
1540446826.789087,3232236151,3232236033,1,0,1,0,-0.2692307692307692,0,1,0,0,0,0,0,0,0,0,0,0
1540446828.61871,3232236151,3232236033,1,0,1,0,-0.07692307692307693,0,1,0,0,0,0,0,0,0,0,0,0
1540446836.798602,3232236151,3232236033,1,0,1,0,-0.2692307692307692,0,1,0,0,0,0,0,0,0,0,0,0
1540446838.630309,3232236151,3232236033,1,0,1,0,-0.07692307692307693,0,1,0,0,0,0,0,0,0,0,0,0
1540446846.810945,3232236151,3232236033,1,0,1,0,-0.2692307692307692,0,1,0,0,0,0,0,0,0,0,0,0
1540446848.643852,3232236151,3232236033,1,0,1,0,-0.07692307692307693,0,1,0,0,0,0,0,0,0,0,0,0
1540446856.824909,3232236151,3232236033,1,0,1,0,-0.2692307692307692,0,1,0,0,0,0,0,0,0,0,0,0
1540446866.834905,3232236151,3232236033,1,0,1,0,-0.2692307692307692,0,1,0,0,0,0,0,0,0,0,0,0
1540446874.275499,3232236151,3232236033,1,0,1,0,-0.07692307692307693,0,1,0,0,0,0,0,0,0,0,0,0
1540446876.848386,3232236151,3232236033,1,0,1,0,-0.2692307692307692,0,1,0,0,0,0,0,0,0,0,0,0
1540446884.291525,3232236151,3232236033,1,0,1,0,-0.07692307692307693,0,1,0,0,0,0,0,0,0,0,0,0
1540446886.859106,3232236151,3232236033,1,0,1,0,-0.2692307692307692,0,1,0,0,0,0,0,0,0,0,0,0
1540446894.29921,3232236151,3232236033,1,0,1,0,-0.07692307692307693,0,1,0,0,0,0,0,0,0,0,0,0
1540446896.871113,3232236151,3232236033,1,0,1,0,-0.2692307692307692,0,1,0,0,0,0,0,0,0,0,0,0
1540446906.882757,3232236151,3232236033,1,0,1,0,-0.2692307692307692,0,1,0,0,0,0,0,0,0,0,0,0
1540446916.894949,3232236151,3232236033,1,0,1,0,-0.2692307692307692,0,1,0,0,0,0,0,0,0,0,0,0
1540446919.940491,3232236151,3232236033,1,0,1,0,-0.07692307692307693,0,1,0,0,0,0,0,0,0,0,0,0
1540446926.908741,3232236151,3232236033,1,0,1,0,-0.2692307692307692,0,1,0,0,0,0,0,0,0,0,0,0
1540446929.948024,3232236151,3232236033,1,0,1,0,-0.07692307692307693,0,1,0,0,0,0,0,0,0,0,0,0
1540446936.921323,3232236151,3232236033,1,0,1,0,-0.2692307692307692,0,1,0,0,0,0,0,0,0,0,0,0
1540446939.960106,3232236151,3232236033,1,0,1,0,-0.07692307692307693,0,1,0,0,0,0,0,0,0,0,0,0
1540446946.932098,3232236151,3232236033,1,0,1,0,-0.2692307692307692,0,1,0,0,0,0,0,0,0,0,0,0
1540446956.945221,3232236151,3232236033,1,0,1,0,-0.2692307692307692,0,1,0,0,0,0,0,0,0,0,0,0
1540446965.608798,3232236151,3232236033,1,0,1,0,-0.07692307692307693,0,1,0,0,0,0,0,0,0,0,0,0
1540446966.95576,3232236151,3232236033,1,0,1,0,-0.2692307692307692,0,1,0,0,0,0,0,0,0,0,0,0
1540446975.622672,3232236151,3232236033,1,0,1,0,-0.07692307692307693,0,1,0,0,0,0,0,0,0,0,0,0
1540446976.967828,3232236151,3232236033,1,0,1,0,-0.2692307692307692,0,1,0,0,0,0,0,0,0,0,0,0
1540446985.631915,3232236151,3232236033,1,0,1,0,-0.07692307692307693,0,1,0,0,0,0,0,0,0,0,0,0
1540446986.980211,3232236151,3232236033,1,0,1,0,-0.2692307692307692,0,1,0,0,0,0,0,0,0,0,0,0
1540446997.003902,3232236151,3232236033,1,0,1,0,-0.2692307692307692,0,1,0,0,0,0,0,0,0,0,0,0
1540447007.016667,3232236151,3232236033,1,0,1,0,-0.2692307692307692,0,1,0,0,0,0,0,0,0,0,0,0
1540447011.266769,3232236151,3232236033,1,0,1,0,-0.07692307692307693,0,1,0,0,0,0,0,0,0,0,0,0
1540447017.017046,3232236151,3232236033,1,0,1,0,-0.19230769230769232,0,1,0,0,0,0,0,0,0,0,0,0
1540447021.278812,3232236151,3232236033,1,0,1,0,-0.07692307692307693,0,1,0,0,0,0,0,0,0,0,0,0
1540447027.028787,3232236151,3232236033,1,0,1,0,-0.19230769230769232,0,1,0,0,0,0,0,0,0,0,0,0
1540447031.288856,3232236151,3232236033,1,0,1,0,-0.07692307692307693,0,1,0,0,0,0,0,0,0,0,0,0
1540447037.040885,3232236151,3232236033,1,0,1,0,-0.19230769230769232,0,1,0,0,0,0,0,0,0,0,0,0
1540447047.053311,3232236151,3232236033,1,0,1,0,-0.11538461538461539,0,1,0,0,0,0,0,0,0,0,0,0
1540447056.920965,3232236151,3232236033,1,0,1,0,-0.07692307692307693,0,1,0,0,0,0,0,0,0,0,0,0
1540447057.064478,3232236151,3232236033,1,0,1,0,-0.11538461538461539,0,1,0,0,0,0,0,0,0,0,0,0
1540447066.932579,3232236151,3232236033,1,0,1,0,-0.07692307692307693,0,1,0,0,0,0,0,0,0,0,0,0
1540447067.079857,3232236151,3232236033,1,0,1,0,-0.11538461538461539,0,1,0,0,0,0,0,0,0,0,0,0
1540447076.945246,3232236151,3232236033,1,0,1,0,-0.07692307692307693,0,1,0,0,0,0,0,0,0,0,0,0
1540447077.089529,3232236151,3232236033,1,0,1,0,-0.11538461538461539,0,1,0,0,0,0,0,0,0,0,0,0
1540447087.106974,3232236151,3232236033,1,0,1,0,-0.11538461538461539,0,1,0,0,0,0,0,0,0,0,0,0
1540447097.114617,3232236151,3232236033,1,0,1,0,-0.11538461538461539,0,1,0,0,0,0,0,0,0,0,0,0
1540447102.577935,3232236151,3232236033,1,0,1,0,-0.07692307692307693,0,1,0,0,0,0,0,0,0,0,0,0
1540447107.125779,3232236151,3232236033,1,0,1,0,-0.2692307692307692,0,1,0,0,0,0,0,0,0,0,0,0
1540447112.589549,3232236151,3232236033,1,0,1,0,-0.07692307692307693,0,1,0,0,0,0,0,0,0,0,0,0
1540447117.136988,3232236151,3232236033,1,0,1,0,-0.2692307692307692,0,1,0,0,0,0,0,0,0,0,0,0
1540447122.603473,3232236151,3232236033,1,0,1,0,-0.07692307692307693,0,1,0,0,0,0,0,0,0,0,0,0
1540447127.149059,3232236151,3232236033,1,0,1,0,-0.2692307692307692,0,1,0,0,0,0,0,0,0,0,0,0
1540447137.161706,3232236151,3232236033,1,0,1,0,-0.2692307692307692,0,1,0,0,0,0,0,0,0,0,0,0
1540447147.172849,3232236151,3232236033,1,0,1,0,-0.2692307692307692,0,1,0,0,0,0,0,0,0,0,0,0
1540447148.233319,3232236151,3232236033,1,0,1,0,-0.07692307692307693,0,1,0,0,0,0,0,0,0,0,0,0
1540447157.18514,3232236151,3232236033,1,0,1,0,-0.2692307692307692,0,1,0,0,0,0,0,0,0,0,0,0
1540447158.244932,3232236151,3232236033,1,0,1,0,-0.07692307692307693,0,1,0,0,0,0,0,0,0,0,0,0
1540447167.200268,3232236151,3232236033,1,0,1,0,-0.2692307692307692,0,1,0,0,0,0,0,0,0,0,0,0
1540447168.257013,3232236151,3232236033,1,0,1,0,-0.07692307692307693,0,1,0,0,0,0,0,0,0,0,0,0
1540447177.209077,3232236151,3232236033,1,0,1,0,-0.2692307692307692,0,1,0,0,0,0,0,0,0,0,0,0
1540447187.221188,3232236151,3232236033,1,0,1,0,-0.2692307692307692,0,1,0,0,0,0,0,0,0,0,0,0
1540447193.891247,3232236151,3232236033,1,0,1,0,-0.07692307692307693,0,1,0,0,0,0,0,0,0,0,0,0
1540447197.233651,3232236151,3232236033,1,0,1,0,-0.2692307692307692,0,1,0,0,0,0,0,0,0,0,0,0
1540447203.90145,3232236151,3232236033,1,0,1,0,-0.07692307692307693,0,1,0,0,0,0,0,0,0,0,0,0
1540447207.245265,3232236151,3232236033,1,0,1,0,-0.2692307692307692,0,1,0,0,0,0,0,0,0,0,0,0
1540447213.914689,3232236151,3232236033,1,0,1,0,-0.07692307692307693,0,1,0,0,0,0,0,0,0,0,0,0
1540447217.258792,3232236151,3232236033,1,0,1,0,-0.2692307692307692,0,1,0,0,0,0,0,0,0,0,0,0
1540447227.271031,3232236151,3232236033,1,0,1,0,-0.2692307692307692,0,1,0,0,0,0,0,0,0,0,0,0
1540447237.282968,3232236151,3232236033,1,0,1,0,-0.2692307692307692,0,1,0,0,0,0,0,0,0,0,0,0
1540447239.570015,3232236151,3232236033,1,0,1,0,-0.07692307692307693,0,1,0,0,0,0,0,0,0,0,0,0
1540447247.295454,3232236151,3232236033,1,0,1,0,-0.2692307692307692,0,1,0,0,0,0,0,0,0,0,0,0
1540447249.581629,3232236151,3232236033,1,0,1,0,-0.07692307692307693,0,1,0,0,0,0,0,0,0,0,0,0
1540447257.30892,3232236151,3232236033,1,0,1,0,-0.2692307692307692,0,1,0,0,0,0,0,0,0,0,0,0
1540447259.593717,3232236151,3232236033,1,0,1,0,-0.07692307692307693,0,1,0,0,0,0,0,0,0,0,0,0
1540447267.317777,3232236151,3232236033,1,0,1,0,-0.2692307692307692,0,1,0,0,0,0,0,0,0,0,0,0
1540447277.330033,3232236151,3232236033,1,0,1,0,-0.2692307692307692,0,1,0,0,0,0,0,0,0,0,0,0
1540447285.231352,3232236151,3232236033,1,0,1,0,-0.07692307692307693,0,1,0,0,0,0,0,0,0,0,0,0
1540447287.342203,3232236151,3232236033,1,0,1,0,-0.2692307692307692,0,1,0,0,0,0,0,0,0,0,0,0
1540447295.238469,3232236151,3232236033,1,0,1,0,-0.07692307692307693,0,1,0,0,0,0,0,0,0,0,0,0
1540447297.354248,3232236151,3232236033,1,0,1,0,-0.2692307692307692,0,1,0,0,0,0,0,0,0,0,0,0
1540447305.250568,3232236151,3232236033,1,0,1,0,-0.07692307692307693,0,1,0,0,0,0,0,0,0,0,0,0
1540447307.367725,3232236151,3232236033,1,0,1,0,-0.2692307692307692,0,1,0,0,0,0,0,0,0,0,0,0
1540447317.378506,3232236151,3232236033,1,0,1,0,-0.2692307692307692,0,1,0,0,0,0,0,0,0,0,0,0
1540447327.390251,3232236151,3232236033,1,0,1,0,-0.2692307692307692,0,1,0,0,0,0,0,0,0,0,0,0
1540447330.88561,3232236151,3232236033,1,0,1,0,-0.07692307692307693,0,1,0,0,0,0,0,0,0,0,0,0
1540447337.404361,3232236151,3232236033,1,0,1,0,-0.2692307692307692,0,1,0,0,0,0,0,0,0,0,0,0
1540447340.907184,3232236151,3232236033,1,0,1,0,-0.07692307692307693,0,1,0,0,0,0,0,0,0,0,0,0
1540447347.414724,3232236151,3232236033,1,0,1,0,-0.2692307692307692,0,1,0,0,0,0,0,0,0,0,0,0
1540447350.906894,3232236151,3232236033,1,0,1,0,-0.07692307692307693,0,1,0,0,0,0,0,0,0,0,0,0
1540447357.42649,3232236151,3232236033,1,0,1,0,-0.2692307692307692,0,1,0,0,0,0,0,0,0,0,0,0
1540447367.438594,3232236151,3232236033,1,0,1,0,-0.2692307692307692,0,1,0,0,0,0,0,0,0,0,0,0
1540447376.539303,3232236151,3232236033,1,0,1,0,-0.07692307692307693,0,1,0,0,0,0,0,0,0,0,0,0
1540447377.450951,3232236151,3232236033,1,0,1,0,-0.2692307692307692,0,1,0,0,0,0,0,0,0,0,0,0
1540447386.550699,3232236151,3232236033,1,0,1,0,-0.07692307692307693,0,1,0,0,0,0,0,0,0,0,0,0
1540447387.463176,3232236151,3232236033,1,0,1,0,-0.2692307692307692,0,1,0,0,0,0,0,0,0,0,0,0
1540447396.562784,3232236151,3232236033,1,0,1,0,-0.07692307692307693,0,1,0,0,0,0,0,0,0,0,0,0
1540447397.474804,3232236151,3232236033,1,0,1,0,-0.2692307692307692,0,1,0,0,0,0,0,0,0,0,0,0
1540447407.487591,3232236151,3232236033,1,0,1,0,-0.19230769230769232,0,1,0,0,0,0,0,0,0,0,0,0
1540447417.502142,3232236151,3232236033,1,0,1,0,-0.19230769230769232,0,1,0,0,0,0,0,0,0,0,0,0
1540447422.205919,3232236151,3232236033,1,0,1,0,-0.07692307692307693,0,1,0,0,0,0,0,0,0,0,0,0
1540447427.511172,3232236151,3232236033,1,0,1,0,-0.19230769230769232,0,1,0,0,0,0,0,0,0,0,0,0
1540447432.207765,3232236151,3232236033,1,0,1,0,-0.07692307692307693,0,1,0,0,0,0,0,0,0,0,0,0
1540447437.523582,3232236151,3232236033,1,0,1,0,-0.11538461538461539,0,1,0,0,0,0,0,0,0,0,0,0
1540447442.219217,3232236151,3232236033,1,0,1,0,-0.07692307692307693,0,1,0,0,0,0,0,0,0,0,0,0
1540447447.535286,3232236151,3232236033,1,0,1,0,-0.11538461538461539,0,1,0,0,0,0,0,0,0,0,0,0
1540447457.552642,3232236151,3232236033,1,0,1,0,-0.11538461538461539,0,1,0,0,0,0,0,0,0,0,0,0
1540447467.559764,3232236151,3232236033,1,0,1,0,-0.11538461538461539,0,1,0,0,0,0,0,0,0,0,0,0
1540447467.85188,3232236151,3232236033,1,0,1,0,-0.07692307692307693,0,1,0,0,0,0,0,0,0,0,0,0
1540447477.571843,3232236151,3232236033,1,0,1,0,-0.11538461538461539,0,1,0,0,0,0,0,0,0,0,0,0
1540447477.869465,3232236151,3232236033,1,0,1,0,-0.07692307692307693,0,1,0,0,0,0,0,0,0,0,0,0
1540447487.5855,3232236151,3232236033,1,0,1,0,-0.11538461538461539,0,1,0,0,0,0,0,0,0,0,0,0
1540447487.876301,3232236151,3232236033,1,0,1,0,-0.07692307692307693,0,1,0,0,0,0,0,0,0,0,0,0
1540447497.596003,3232236151,3232236033,1,0,1,0,-0.2692307692307692,0,1,0,0,0,0,0,0,0,0,0,0
1540447507.607952,3232236151,3232236033,1,0,1,0,-0.2692307692307692,0,1,0,0,0,0,0,0,0,0,0,0
1540447513.508471,3232236151,3232236033,1,0,1,0,-0.07692307692307693,0,1,0,0,0,0,0,0,0,0,0,0
1540447517.621394,3232236151,3232236033,1,0,1,0,-0.2692307692307692,0,1,0,0,0,0,0,0,0,0,0,0
1540447523.519902,3232236151,3232236033,1,0,1,0,-0.07692307692307693,0,1,0,0,0,0,0,0,0,0,0,0
1540447527.705617,3232236151,3232236033,1,0,1,0,-0.2692307692307692,0,1,0,0,0,0,0,0,0,0,0,0
1540447533.535095,3232236151,3232236033,1,0,1,0,-0.07692307692307693,0,1,0,0,0,0,0,0,0,0,0,0
1540447537.660788,3232236151,3232236033,1,0,1,0,-0.2692307692307692,0,1,0,0,0,0,0,0,0,0,0,0
1540447547.656887,3232236151,3232236033,1,0,1,0,-0.2692307692307692,0,1,0,0,0,0,0,0,0,0,0,0
1540447557.670282,3232236151,3232236033,1,0,1,0,-0.2692307692307692,0,1,0,0,0,0,0,0,0,0,0,0
1540447559.206409,3232236151,3232236033,1,0,1,0,-0.07692307692307693,0,1,0,0,0,0,0,0,0,0,0,0
1540447567.680608,3232236151,3232236033,1,0,1,0,-0.2692307692307692,0,1,0,0,0,0,0,0,0,0,0,0
1540447569.216365,3232236151,3232236033,1,0,1,0,-0.07692307692307693,0,1,0,0,0,0,0,0,0,0,0,0
1540447577.696175,3232236151,3232236033,1,0,1,0,-0.2692307692307692,0,1,0,0,0,0,0,0,0,0,0,0
1540447579.228452,3232236151,3232236033,1,0,1,0,-0.07692307692307693,0,1,0,0,0,0,0,0,0,0,0,0
1540447587.705308,3232236151,3232236033,1,0,1,0,-0.2692307692307692,0,1,0,0,0,0,0,0,0,0,0,0
1540447597.71652,3232236151,3232236033,1,0,1,0,-0.2692307692307692,0,1,0,0,0,0,0,0,0,0,0,0
1540447604.86105,3232236151,3232236033,1,0,1,0,-0.07692307692307693,0,1,0,0,0,0,0,0,0,0,0,0
1540447607.735803,3232236151,3232236033,1,0,1,0,-0.2692307692307692,0,1,0,0,0,0,0,0,0,0,0,0
1540447614.873136,3232236151,3232236033,1,0,1,0,-0.07692307692307693,0,1,0,0,0,0,0,0,0,0,0,0
1540447617.742582,3232236151,3232236033,1,0,1,0,-0.2692307692307692,0,1,0,0,0,0,0,0,0,0,0,0
1540447624.884697,3232236151,3232236033,1,0,1,0,-0.07692307692307693,0,1,0,0,0,0,0,0,0,0,0,0
1540447627.752994,3232236151,3232236033,1,0,1,0,-0.2692307692307692,0,1,0,0,0,0,0,0,0,0,0,0
1540447637.774215,3232236151,3232236033,1,0,1,0,-0.2692307692307692,0,1,0,0,0,0,0,0,0,0,0,0
1540447647.778814,3232236151,3232236033,1,0,1,0,-0.2692307692307692,0,1,0,0,0,0,0,0,0,0,0,0
1540447650.517434,3232236151,3232236033,1,0,1,0,-0.07692307692307693,0,1,0,0,0,0,0,0,0,0,0,0
1540447657.789046,3232236151,3232236033,1,0,1,0,-0.2692307692307692,0,1,0,0,0,0,0,0,0,0,0,0
1540447660.530429,3232236151,3232236033,1,0,1,0,-0.07692307692307693,0,1,0,0,0,0,0,0,0,0,0,0
1540447667.801071,3232236151,3232236033,1,0,1,0,-0.2692307692307692,0,1,0,0,0,0,0,0,0,0,0,0
1540447670.541103,3232236151,3232236033,1,0,1,0,-0.07692307692307693,0,1,0,0,0,0,0,0,0,0,0,0
1540447677.813784,3232236151,3232236033,1,0,1,0,-0.2692307692307692,0,1,0,0,0,0,0,0,0,0,0,0
1540447687.82526,3232236151,3232236033,1,0,1,0,-0.2692307692307692,0,1,0,0,0,0,0,0,0,0,0,0
1540447696.173799,3232236151,3232236033,1,0,1,0,-0.07692307692307693,0,1,0,0,0,0,0,0,0,0,0,0
1540447697.837313,3232236151,3232236033,1,0,1,0,-0.2692307692307692,0,1,0,0,0,0,0,0,0,0,0,0
1540447706.189265,3232236151,3232236033,1,0,1,0,-0.07692307692307693,0,1,0,0,0,0,0,0,0,0,0,0
1540447707.850368,3232236151,3232236033,1,0,1,0,-0.2692307692307692,0,1,0,0,0,0,0,0,0,0,0,0
1540447716.197539,3232236151,3232236033,1,0,1,0,-0.07692307692307693,0,1,0,0,0,0,0,0,0,0,0,0
1540447717.86233,3232236151,3232236033,1,0,1,0,-0.2692307692307692,0,1,0,0,0,0,0,0,0,0,0,0
1540447727.874428,3232236151,3232236033,1,0,1,0,-0.2692307692307692,0,1,0,0,0,0,0,0,0,0,0,0
1540447737.892642,3232236151,3232236033,1,0,1,0,-0.2692307692307692,0,1,0,0,0,0,0,0,0,0,0,0
1540447741.830194,3232236151,3232236033,1,0,1,0,-0.07692307692307693,0,1,0,0,0,0,0,0,0,0,0,0
1540447747.897728,3232236151,3232236033,1,0,1,0,-0.2692307692307692,0,1,0,0,0,0,0,0,0,0,0,0
1540447751.841779,3232236151,3232236033,1,0,1,0,-0.07692307692307693,0,1,0,0,0,0,0,0,0,0,0,0
1540447757.910145,3232236151,3232236033,1,0,1,0,-0.2692307692307692,0,1,0,0,0,0,0,0,0,0,0,0
1540447761.856151,3232236151,3232236033,1,0,1,0,-0.07692307692307693,0,1,0,0,0,0,0,0,0,0,0,0
1540447767.923023,3232236151,3232236033,1,0,1,0,-0.2692307692307692,0,1,0,0,0,0,0,0,0,0,0,0
1540447777.933944,3232236151,3232236033,1,0,1,0,-0.2692307692307692,0,1,0,0,0,0,0,0,0,0,0,0
1540447787.487652,3232236151,3232236033,1,0,1,0,-0.07692307692307693,0,1,0,0,0,0,0,0,0,0,0,0
1540447787.947029,3232236151,3232236033,1,0,1,0,-0.2692307692307692,0,1,0,0,0,0,0,0,0,0,0,0
1540447797.498177,3232236151,3232236033,1,0,1,0,-0.07692307692307693,0,1,0,0,0,0,0,0,0,0,0,0
1540447797.958497,3232236151,3232236033,1,0,1,0,-0.19230769230769232,0,1,0,0,0,0,0,0,0,0,0,0
1540447807.511846,3232236151,3232236033,1,0,1,0,-0.07692307692307693,0,1,0,0,0,0,0,0,0,0,0,0
1540447807.971221,3232236151,3232236033,1,0,1,0,-0.19230769230769232,0,1,0,0,0,0,0,0,0,0,0,0
1540447817.984908,3232236151,3232236033,1,0,1,0,-0.19230769230769232,0,1,0,0,0,0,0,0,0,0,0,0
1540447827.994734,3232236151,3232236033,1,0,1,0,-0.11538461538461539,0,1,0,0,0,0,0,0,0,0,0,0
1540447833.195088,3232236151,3232236033,1,0,1,0,-0.07692307692307693,0,1,0,0,0,0,0,0,0,0,0,0
1540447838.006463,3232236151,3232236033,1,0,1,0,-0.11538461538461539,0,1,0,0,0,0,0,0,0,0,0,0
1540447843.207659,3232236151,3232236033,1,0,1,0,-0.07692307692307693,0,1,0,0,0,0,0,0,0,0,0,0
1540447848.020411,3232236151,3232236033,1,0,1,0,-0.11538461538461539,0,1,0,0,0,0,0,0,0,0,0,0
1540447853.228708,3232236151,3232236033,1,0,1,0,-0.07692307692307693,0,1,0,0,0,0,0,0,0,0,0,0
1540447858.031712,3232236151,3232236033,1,0,1,0,-0.11538461538461539,0,1,0,0,0,0,0,0,0,0,0,0
1540447868.045641,3232236151,3232236033,1,0,1,0,-0.11538461538461539,0,1,0,0,0,0,0,0,0,0,0,0
1540447878.05935,3232236151,3232236033,1,0,1,0,-0.11538461538461539,0,1,0,0,0,0,0,0,0,0,0,0
1540447878.851301,3232236151,3232236033,1,0,1,0,-0.07692307692307693,0,1,0,0,0,0,0,0,0,0,0,0
1540447888.068441,3232236151,3232236033,1,0,1,0,-0.2692307692307692,0,1,0,0,0,0,0,0,0,0,0,0
1540447888.864192,3232236151,3232236033,1,0,1,0,-0.07692307692307693,0,1,0,0,0,0,0,0,0,0,0,0
1540447898.079683,3232236151,3232236033,1,0,1,0,-0.2692307692307692,0,1,0,0,0,0,0,0,0,0,0,0
1540447898.875017,3232236151,3232236033,1,0,1,0,-0.07692307692307693,0,1,0,0,0,0,0,0,0,0,0,0
1540447908.097489,3232236151,3232236033,1,0,1,0,-0.2692307692307692,0,1,0,0,0,0,0,0,0,0,0,0
1540447918.104115,3232236151,3232236033,1,0,1,0,-0.2692307692307692,0,1,0,0,0,0,0,0,0,0,0,0
1540447924.507686,3232236151,3232236033,1,0,1,0,-0.07692307692307693,0,1,0,0,0,0,0,0,0,0,0,0
1540447928.116715,3232236151,3232236033,1,0,1,0,-0.2692307692307692,0,1,0,0,0,0,0,0,0,0,0,0
1540447934.521688,3232236151,3232236033,1,0,1,0,-0.07692307692307693,0,1,0,0,0,0,0,0,0,0,0,0
1540447938.127328,3232236151,3232236033,1,0,1,0,-0.2692307692307692,0,1,0,0,0,0,0,0,0,0,0,0
1540447944.534053,3232236151,3232236033,1,0,1,0,-0.07692307692307693,0,1,0,0,0,0,0,0,0,0,0,0
1540447948.139761,3232236151,3232236033,1,0,1,0,-0.2692307692307692,0,1,0,0,0,0,0,0,0,0,0,0
1540447958.153504,3232236151,3232236033,1,0,1,0,-0.2692307692307692,0,1,0,0,0,0,0,0,0,0,0,0
1540447968.163581,3232236151,3232236033,1,0,1,0,-0.2692307692307692,0,1,0,0,0,0,0,0,0,0,0,0
1540447970.16484,3232236151,3232236033,1,0,1,0,-0.07692307692307693,0,1,0,0,0,0,0,0,0,0,0,0
1540447978.176015,3232236151,3232236033,1,0,1,0,-0.2692307692307692,0,1,0,0,0,0,0,0,0,0,0,0
1540447980.178096,3232236151,3232236033,1,0,1,0,-0.07692307692307693,0,1,0,0,0,0,0,0,0,0,0,0
1540447988.192576,3232236151,3232236033,1,0,1,0,-0.2692307692307692,0,1,0,0,0,0,0,0,0,0,0,0
1540447990.187741,3232236151,3232236033,1,0,1,0,-0.07692307692307693,0,1,0,0,0,0,0,0,0,0,0,0
1540447998.200772,3232236151,3232236033,1,0,1,0,-0.2692307692307692,0,1,0,0,0,0,0,0,0,0,0,0
1540448008.212208,3232236151,3232236033,1,0,1,0,-0.2692307692307692,0,1,0,0,0,0,0,0,0,0,0,0
1540448015.83173,3232236151,3232236033,1,0,1,0,-0.07692307692307693,0,1,0,0,0,0,0,0,0,0,0,0
1540448018.22397,3232236151,3232236033,1,0,1,0,-0.2692307692307692,0,1,0,0,0,0,0,0,0,0,0,0
1540448025.844924,3232236151,3232236033,1,0,1,0,-0.07692307692307693,0,1,0,0,0,0,0,0,0,0,0,0
1540448028.236389,3232236151,3232236033,1,0,1,0,-0.2692307692307692,0,1,0,0,0,0,0,0,0,0,0,0
1540448035.844194,3232236151,3232236033,1,0,1,0,-0.07692307692307693,0,1,0,0,0,0,0,0,0,0,0,0
1540448038.248558,3232236151,3232236033,1,0,1,0,-0.2692307692307692,0,1,0,0,0,0,0,0,0,0,0,0
1540448048.260282,3232236151,3232236033,1,0,1,0,-0.2692307692307692,0,1,0,0,0,0,0,0,0,0,0,0
1540448058.275272,3232236151,3232236033,1,0,1,0,-0.2692307692307692,0,1,0,0,0,0,0,0,0,0,0,0
1540448061.47866,3232236151,3232236033,1,0,1,0,-0.07692307692307693,0,1,0,0,0,0,0,0,0,0,0,0
1540448068.284816,3232236151,3232236033,1,0,1,0,-0.2692307692307692,0,1,0,0,0,0,0,0,0,0,0,0
1540448071.489087,3232236151,3232236033,1,0,1,0,-0.07692307692307693,0,1,0,0,0,0,0,0,0,0,0,0
1540448078.296545,3232236151,3232236033,1,0,1,0,-0.2692307692307692,0,1,0,0,0,0,0,0,0,0,0,0
1540448081.500593,3232236151,3232236033,1,0,1,0,-0.07692307692307693,0,1,0,0,0,0,0,0,0,0,0,0
1540448088.308583,3232236151,3232236033,1,0,1,0,-0.2692307692307692,0,1,0,0,0,0,0,0,0,0,0,0
1540448098.320972,3232236151,3232236033,1,0,1,0,-0.2692307692307692,0,1,0,0,0,0,0,0,0,0,0,0
1540448107.134367,3232236151,3232236033,1,0,1,0,-0.07692307692307693,0,1,0,0,0,0,0,0,0,0,0,0
1540448108.332752,3232236151,3232236033,1,0,1,0,-0.2692307692307692,0,1,0,0,0,0,0,0,0,0,0,0
1540448117.144858,3232236151,3232236033,1,0,1,0,-0.07692307692307693,0,1,0,0,0,0,0,0,0,0,0,0
1540448118.344861,3232236151,3232236033,1,0,1,0,-0.2692307692307692,0,1,0,0,0,0,0,0,0,0,0,0
1540448127.158501,3232236151,3232236033,1,0,1,0,-0.07692307692307693,0,1,0,0,0,0,0,0,0,0,0,0
1540448128.357233,3232236151,3232236033,1,0,1,0,-0.2692307692307692,0,1,0,0,0,0,0,0,0,0,0,0
1540448138.371965,3232236151,3232236033,1,0,1,0,-0.2692307692307692,0,1,0,0,0,0,0,0,0,0,0,0
1540448148.387266,3232236151,3232236033,1,0,1,0,-0.2692307692307692,0,1,0,0,0,0,0,0,0,0,0,0
1540448152.805795,3232236151,3232236033,1,0,1,0,-0.07692307692307693,0,1,0,0,0,0,0,0,0,0,0,0
1540448158.394455,3232236151,3232236033,1,0,1,0,-0.2692307692307692,0,1,0,0,0,0,0,0,0,0,0,0
1540448162.817408,3232236151,3232236033,1,0,1,0,-0.07692307692307693,0,1,0,0,0,0,0,0,0,0,0,0
1540448168.40964,3232236151,3232236033,1,0,1,0,-0.2692307692307692,0,1,0,0,0,0,0,0,0,0,0,0
1540448172.829479,3232236151,3232236033,1,0,1,0,-0.07692307692307693,0,1,0,0,0,0,0,0,0,0,0,0
1540448178.421341,3232236151,3232236033,1,0,1,0,-0.2692307692307692,0,1,0,0,0,0,0,0,0,0,0,0
1540448188.430294,3232236151,3232236033,1,0,1,0,-0.19230769230769232,0,1,0,0,0,0,0,0,0,0,0,0
1540448198.441914,3232236151,3232236033,1,0,1,0,-0.19230769230769232,0,1,0,0,0,0,0,0,0,0,0,0
1540448198.462172,3232236151,3232236033,1,0,1,0,-0.07692307692307693,0,1,0,0,0,0,0,0,0,0,0,0
1540448208.457582,3232236151,3232236033,1,0,1,0,-0.19230769230769232,0,1,0,0,0,0,0,0,0,0,0,0
1540448208.473662,3232236151,3232236033,1,0,1,0,-0.07692307692307693,0,1,0,0,0,0,0,0,0,0,0,0
1540448218.469745,3232236151,3232236033,1,0,1,0,-0.11538461538461539,0,1,0,0,0,0,0,0,0,0,0,0
1540448218.485806,3232236151,3232236033,1,0,1,0,-0.07692307692307693,0,1,0,0,0,0,0,0,0,0,0,0
1540448228.477956,3232236151,3232236033,1,0,1,0,-0.11538461538461539,0,1,0,0,0,0,0,0,0,0,0,0
1540448238.492261,3232236151,3232236033,1,0,1,0,-0.11538461538461539,0,1,0,0,0,0,0,0,0,0,0,0
1540448244.119017,3232236151,3232236033,1,0,1,0,-0.07692307692307693,0,1,0,0,0,0,0,0,0,0,0,0
1540448248.502369,3232236151,3232236033,1,0,1,0,-0.11538461538461539,0,1,0,0,0,0,0,0,0,0,0,0
1540448254.132405,3232236151,3232236033,1,0,1,0,-0.07692307692307693,0,1,0,0,0,0,0,0,0,0,0,0
1540448258.51414,3232236151,3232236033,1,0,1,0,-0.11538461538461539,0,1,0,0,0,0,0,0,0,0,0,0
1540448264.145142,3232236151,3232236033,1,0,1,0,-0.07692307692307693,0,1,0,0,0,0,0,0,0,0,0,0
1540448268.526181,3232236151,3232236033,1,0,1,0,-0.11538461538461539,0,1,0,0,0,0,0,0,0,0,0,0
1540448278.538574,3232236151,3232236033,1,0,1,0,-0.2692307692307692,0,1,0,0,0,0,0,0,0,0,0,0
1540448288.551098,3232236151,3232236033,1,0,1,0,-0.2692307692307692,0,1,0,0,0,0,0,0,0,0,0,0
1540448289.77546,3232236151,3232236033,1,0,1,0,-0.07692307692307693,0,1,0,0,0,0,0,0,0,0,0,0
1540448298.57286,3232236151,3232236033,1,0,1,0,-0.2692307692307692,0,1,0,0,0,0,0,0,0,0,0,0
1540448299.804275,3232236151,3232236033,1,0,1,0,-0.07692307692307693,0,1,0,0,0,0,0,0,0,0,0,0
1540448308.575743,3232236151,3232236033,1,0,1,0,-0.2692307692307692,0,1,0,0,0,0,0,0,0,0,0,0
1540448309.803093,3232236151,3232236033,1,0,1,0,-0.07692307692307693,0,1,0,0,0,0,0,0,0,0,0,0
1540448318.587896,3232236151,3232236033,1,0,1,0,-0.2692307692307692,0,1,0,0,0,0,0,0,0,0,0,0
1540448328.601922,3232236151,3232236033,1,0,1,0,-0.2692307692307692,0,1,0,0,0,0,0,0,0,0,0,0
1540448335.433745,3232236151,3232236033,1,0,1,0,-0.07692307692307693,0,1,0,0,0,0,0,0,0,0,0,0
1540448338.612031,3232236151,3232236033,1,0,1,0,-0.2692307692307692,0,1,0,0,0,0,0,0,0,0,0,0
1540448345.444359,3232236151,3232236033,1,0,1,0,-0.07692307692307693,0,1,0,0,0,0,0,0,0,0,0,0
1540448348.628936,3232236151,3232236033,1,0,1,0,-0.2692307692307692,0,1,0,0,0,0,0,0,0,0,0,0
1540448355.455314,3232236151,3232236033,1,0,1,0,-0.07692307692307693,0,1,0,0,0,0,0,0,0,0,0,0
1540448358.635332,3232236151,3232236033,1,0,1,0,-0.2692307692307692,0,1,0,0,0,0,0,0,0,0,0,0
1540448368.64774,3232236151,3232236033,1,0,1,0,-0.2692307692307692,0,1,0,0,0,0,0,0,0,0,0,0
1540448378.659182,3232236151,3232236033,1,0,1,0,-0.2692307692307692,0,1,0,0,0,0,0,0,0,0,0,0
1540448381.087738,3232236151,3232236033,1,0,1,0,-0.07692307692307693,0,1,0,0,0,0,0,0,0,0,0,0
1540448388.671258,3232236151,3232236033,1,0,1,0,-0.2692307692307692,0,1,0,0,0,0,0,0,0,0,0,0
1540448391.100012,3232236151,3232236033,1,0,1,0,-0.07692307692307693,0,1,0,0,0,0,0,0,0,0,0,0
1540448398.683661,3232236151,3232236033,1,0,1,0,-0.2692307692307692,0,1,0,0,0,0,0,0,0,0,0,0
1540448401.112411,3232236151,3232236033,1,0,1,0,-0.07692307692307693,0,1,0,0,0,0,0,0,0,0,0,0
1540448408.699128,3232236151,3232236033,1,0,1,0,-0.2692307692307692,0,1,0,0,0,0,0,0,0,0,0,0
1540448418.70786,3232236151,3232236033,1,0,1,0,-0.2692307692307692,0,1,0,0,0,0,0,0,0,0,0,0
1540448426.746389,3232236151,3232236033,1,0,1,0,-0.07692307692307693,0,1,0,0,0,0,0,0,0,0,0,0
1540448428.719803,3232236151,3232236033,1,0,1,0,-0.2692307692307692,0,1,0,0,0,0,0,0,0,0,0,0
1540448436.7556,3232236151,3232236033,1,0,1,0,-0.07692307692307693,0,1,0,0,0,0,0,0,0,0,0,0
1540448438.745794,3232236151,3232236033,1,0,1,0,-0.2692307692307692,0,1,0,0,0,0,0,0,0,0,0,0
1540448446.767768,3232236151,3232236033,1,0,1,0,-0.07692307692307693,0,1,0,0,0,0,0,0,0,0,0,0
1540448448.743998,3232236151,3232236033,1,0,1,0,-0.2692307692307692,0,1,0,0,0,0,0,0,0,0,0,0
1540448458.756182,3232236151,3232236033,1,0,1,0,-0.2692307692307692,0,1,0,0,0,0,0,0,0,0,0,0
1540448468.768816,3232236151,3232236033,1,0,1,0,-0.2692307692307692,0,1,0,0,0,0,0,0,0,0,0,0
1540448472.400436,3232236151,3232236033,1,0,1,0,-0.07692307692307693,0,1,0,0,0,0,0,0,0,0,0,0
1540448478.780008,3232236151,3232236033,1,0,1,0,-0.2692307692307692,0,1,0,0,0,0,0,0,0,0,0,0
1540448482.411995,3232236151,3232236033,1,0,1,0,-0.07692307692307693,0,1,0,0,0,0,0,0,0,0,0,0
1540448488.792338,3232236151,3232236033,1,0,1,0,-0.2692307692307692,0,1,0,0,0,0,0,0,0,0,0,0
1540448492.423991,3232236151,3232236033,1,0,1,0,-0.07692307692307693,0,1,0,0,0,0,0,0,0,0,0,0
1540448498.819284,3232236151,3232236033,1,0,1,0,-0.2692307692307692,0,1,0,0,0,0,0,0,0,0,0,0
1540448508.816213,3232236151,3232236033,1,0,1,0,-0.2692307692307692,0,1,0,0,0,0,0,0,0,0,0,0
1540448518.058991,3232236151,3232236033,1,0,1,0,-0.07692307692307693,0,1,0,0,0,0,0,0,0,0,0,0
1540448518.829883,3232236151,3232236033,1,0,1,0,-0.2692307692307692,0,1,0,0,0,0,0,0,0,0,0,0
1540448528.069041,3232236151,3232236033,1,0,1,0,-0.07692307692307693,0,1,0,0,0,0,0,0,0,0,0,0
1540448528.840243,3232236151,3232236033,1,0,1,0,-0.2692307692307692,0,1,0,0,0,0,0,0,0,0,0,0
1540448538.082858,3232236151,3232236033,1,0,1,0,-0.07692307692307693,0,1,0,0,0,0,0,0,0,0,0,0
1540448538.854041,3232236151,3232236033,1,0,1,0,-0.2692307692307692,0,1,0,0,0,0,0,0,0,0,0,0
1540448548.864722,3232236151,3232236033,1,0,1,0,-0.2692307692307692,0,1,0,0,0,0,0,0,0,0,0,0
1540448558.879603,3232236151,3232236033,1,0,1,0,-0.2692307692307692,0,1,0,0,0,0,0,0,0,0,0,0
1540448563.713554,3232236151,3232236033,1,0,1,0,-0.07692307692307693,0,1,0,0,0,0,0,0,0,0,0,0
1540448568.888565,3232236151,3232236033,1,0,1,0,-0.2692307692307692,0,1,0,0,0,0,0,0,0,0,0,0
1540448573.724836,3232236151,3232236033,1,0,1,0,-0.07692307692307693,0,1,0,0,0,0,0,0,0,0,0,0
1540448578.900976,3232236151,3232236033,1,0,1,0,-0.19230769230769232,0,1,0,0,0,0,0,0,0,0,0,0
1540448583.736701,3232236151,3232236033,1,0,1,0,-0.07692307692307693,0,1,0,0,0,0,0,0,0,0,0,0
1540448588.912729,3232236151,3232236033,1,0,1,0,-0.19230769230769232,0,1,0,0,0,0,0,0,0,0,0,0
1540448598.924793,3232236151,3232236033,1,0,1,0,-0.19230769230769232,0,1,0,0,0,0,0,0,0,0,0,0
1540448608.938373,3232236151,3232236033,1,0,1,0,-0.11538461538461539,0,1,0,0,0,0,0,0,0,0,0,0
1540448609.371411,3232236151,3232236033,1,0,1,0,-0.07692307692307693,0,1,0,0,0,0,0,0,0,0,0,0
1540448618.948969,3232236151,3232236033,1,0,1,0,-0.11538461538461539,0,1,0,0,0,0,0,0,0,0,0,0
1540448619.382992,3232236151,3232236033,1,0,1,0,-0.07692307692307693,0,1,0,0,0,0,0,0,0,0,0,0
1540448628.961662,3232236151,3232236033,1,0,1,0,-0.11538461538461539,0,1,0,0,0,0,0,0,0,0,0,0
1540448629.414298,3232236151,3232236033,1,0,1,0,-0.07692307692307693,0,1,0,0,0,0,0,0,0,0,0,0
1540448638.973482,3232236151,3232236033,1,0,1,0,-0.11538461538461539,0,1,0,0,0,0,0,0,0,0,0,0
1540448648.986353,3232236151,3232236033,1,0,1,0,-0.11538461538461539,0,1,0,0,0,0,0,0,0,0,0,0
1540448655.025795,3232236151,3232236033,1,0,1,0,-0.07692307692307693,0,1,0,0,0,0,0,0,0,0,0,0
1540448659.00182,3232236151,3232236033,1,0,1,0,-0.11538461538461539,0,1,0,0,0,0,0,0,0,0,0,0
1540448665.039455,3232236151,3232236033,1,0,1,0,-0.07692307692307693,0,1,0,0,0,0,0,0,0,0,0,0
1540448669.010023,3232236151,3232236033,1,0,1,0,-0.2692307692307692,0,1,0,0,0,0,0,0,0,0,0,0
1540448675.061704,3232236151,3232236033,1,0,1,0,-0.07692307692307693,0,1,0,0,0,0,0,0,0,0,0,0
1540448679.021516,3232236151,3232236033,1,0,1,0,-0.2692307692307692,0,1,0,0,0,0,0,0,0,0,0,0
1540448689.243097,3232236151,3232236033,1,0,1,0,-0.2692307692307692,0,1,0,0,0,0,0,0,0,0,0,0
1540448699.048527,3232236151,3232236033,1,0,1,0,-0.2692307692307692,0,1,0,0,0,0,0,0,0,0,0,0
1540448700.682115,3232236151,3232236033,1,0,1,0,-0.07692307692307693,0,1,0,0,0,0,0,0,0,0,0,0
1540448709.064679,3232236151,3232236033,1,0,1,0,-0.2692307692307692,0,1,0,0,0,0,0,0,0,0,0,0
1540448710.695824,3232236151,3232236033,1,0,1,0,-0.07692307692307693,0,1,0,0,0,0,0,0,0,0,0,0
1540448719.071665,3232236151,3232236033,1,0,1,0,-0.2692307692307692,0,1,0,0,0,0,0,0,0,0,0,0
1540448720.706147,3232236151,3232236033,1,0,1,0,-0.07692307692307693,0,1,0,0,0,0,0,0,0,0,0,0
1540448729.083825,3232236151,3232236033,1,0,1,0,-0.2692307692307692,0,1,0,0,0,0,0,0,0,0,0,0
1540448739.094013,3232236151,3232236033,1,0,1,0,-0.2692307692307692,0,1,0,0,0,0,0,0,0,0,0,0
1540448746.386729,3232236151,3232236033,1,0,1,0,-0.07692307692307693,0,1,0,0,0,0,0,0,0,0,0,0
1540448749.124182,3232236151,3232236033,1,0,1,0,-0.2692307692307692,0,1,0,0,0,0,0,0,0,0,0,0
1540448756.398099,3232236151,3232236033,1,0,1,0,-0.07692307692307693,0,1,0,0,0,0,0,0,0,0,0,0
1540448759.118655,3232236151,3232236033,1,0,1,0,-0.2692307692307692,0,1,0,0,0,0,0,0,0,0,0,0
1540448766.412888,3232236151,3232236033,1,0,1,0,-0.07692307692307693,0,1,0,0,0,0,0,0,0,0,0,0
1540448769.130359,3232236151,3232236033,1,0,1,0,-0.2692307692307692,0,1,0,0,0,0,0,0,0,0,0,0
1540448779.148812,3232236151,3232236033,1,0,1,0,-0.2692307692307692,0,1,0,0,0,0,0,0,0,0,0,0
1540448789.155009,3232236151,3232236033,1,0,1,0,-0.2692307692307692,0,1,0,0,0,0,0,0,0,0,0,0
1540448792.043818,3232236151,3232236033,1,0,1,0,-0.07692307692307693,0,1,0,0,0,0,0,0,0,0,0,0
1540448799.166592,3232236151,3232236033,1,0,1,0,-0.2692307692307692,0,1,0,0,0,0,0,0,0,0,0,0
1540448802.068067,3232236151,3232236033,1,0,1,0,-0.07692307692307693,0,1,0,0,0,0,0,0,0,0,0,0
1540448809.181181,3232236151,3232236033,1,0,1,0,-0.2692307692307692,0,1,0,0,0,0,0,0,0,0,0,0
1540448812.071751,3232236151,3232236033,1,0,1,0,-0.07692307692307693,0,1,0,0,0,0,0,0,0,0,0,0
1540448819.194793,3232236151,3232236033,1,0,1,0,-0.2692307692307692,0,1,0,0,0,0,0,0,0,0,0,0
1540448829.204971,3232236151,3232236033,1,0,1,0,-0.2692307692307692,0,1,0,0,0,0,0,0,0,0,0,0
1540448837.699403,3232236151,3232236033,1,0,1,0,-0.07692307692307693,0,1,0,0,0,0,0,0,0,0,0,0
1540448839.214947,3232236151,3232236033,1,0,1,0,-0.2692307692307692,0,1,0,0,0,0,0,0,0,0,0,0
1540448847.710936,3232236151,3232236033,1,0,1,0,-0.07692307692307693,0,1,0,0,0,0,0,0,0,0,0,0
1540448849.227236,3232236151,3232236033,1,0,1,0,-0.2692307692307692,0,1,0,0,0,0,0,0,0,0,0,0
1540448857.724124,3232236151,3232236033,1,0,1,0,-0.07692307692307693,0,1,0,0,0,0,0,0,0,0,0,0
1540448859.239001,3232236151,3232236033,1,0,1,0,-0.2692307692307692,0,1,0,0,0,0,0,0,0,0,0,0
1540448869.258962,3232236151,3232236033,1,0,1,0,-0.2692307692307692,0,1,0,0,0,0,0,0,0,0,0,0
1540448879.264901,3232236151,3232236033,1,0,1,0,-0.2692307692307692,0,1,0,0,0,0,0,0,0,0,0,0
1540448883.359261,3232236151,3232236033,1,0,1,0,-0.07692307692307693,0,1,0,0,0,0,0,0,0,0,0,0
1540448889.275737,3232236151,3232236033,1,0,1,0,-0.2692307692307692,0,1,0,0,0,0,0,0,0,0,0,0
1540448893.367791,3232236151,3232236033,1,0,1,0,-0.07692307692307693,0,1,0,0,0,0,0,0,0,0,0,0
1540448899.287817,3232236151,3232236033,1,0,1,0,-0.2692307692307692,0,1,0,0,0,0,0,0,0,0,0,0
1540448903.38146,3232236151,3232236033,1,0,1,0,-0.07692307692307693,0,1,0,0,0,0,0,0,0,0,0,0
1540448909.300216,3232236151,3232236033,1,0,1,0,-0.2692307692307692,0,1,0,0,0,0,0,0,0,0,0,0
1540448919.311738,3232236151,3232236033,1,0,1,0,-0.2692307692307692,0,1,0,0,0,0,0,0,0,0,0,0
1540448929.012959,3232236151,3232236033,1,0,1,0,-0.07692307692307693,0,1,0,0,0,0,0,0,0,0,0,0
1540448929.323783,3232236151,3232236033,1,0,1,0,-0.2692307692307692,0,1,0,0,0,0,0,0,0,0,0,0
1540448939.023789,3232236151,3232236033,1,0,1,0,-0.07692307692307693,0,1,0,0,0,0,0,0,0,0,0,0
1540448939.336019,3232236151,3232236033,1,0,1,0,-0.2692307692307692,0,1,0,0,0,0,0,0,0,0,0,0
1540448949.042243,3232236151,3232236033,1,0,1,0,-0.07692307692307693,0,1,0,0,0,0,0,0,0,0,0,0
1540448949.347947,3232236151,3232236033,1,0,1,0,-0.2692307692307692,0,1,0,0,0,0,0,0,0,0,0,0
1540448959.375709,3232236151,3232236033,1,0,1,0,-0.2692307692307692,0,1,0,0,0,0,0,0,0,0,0,0
1540448969.381779,3232236151,3232236033,1,0,1,0,-0.19230769230769232,0,1,0,0,0,0,0,0,0,0,0,0
1540448974.669361,3232236151,3232236033,1,0,1,0,-0.07692307692307693,0,1,0,0,0,0,0,0,0,0,0,0
1540448979.385871,3232236151,3232236033,1,0,1,0,-0.19230769230769232,0,1,0,0,0,0,0,0,0,0,0,0
1540448984.685037,3232236151,3232236033,1,0,1,0,-0.07692307692307693,0,1,0,0,0,0,0,0,0,0,0,0
1540448989.396202,3232236151,3232236033,1,0,1,0,-0.19230769230769232,0,1,0,0,0,0,0,0,0,0,0,0
1540448994.694657,3232236151,3232236033,1,0,1,0,-0.07692307692307693,0,1,0,0,0,0,0,0,0,0,0,0
1540448999.411585,3232236151,3232236033,1,0,1,0,-0.11538461538461539,0,1,0,0,0,0,0,0,0,0,0,0
1540449009.420369,3232236151,3232236033,1,0,1,0,-0.11538461538461539,0,1,0,0,0,0,0,0,0,0,0,0
1540449019.436211,3232236151,3232236033,1,0,1,0,-0.11538461538461539,0,1,0,0,0,0,0,0,0,0,0,0
1540449020.325708,3232236151,3232236033,1,0,1,0,-0.07692307692307693,0,1,0,0,0,0,0,0,0,0,0,0
1540449029.448411,3232236151,3232236033,1,0,1,0,-0.11538461538461539,0,1,0,0,0,0,0,0,0,0,0,0
1540449030.336485,3232236151,3232236033,1,0,1,0,-0.07692307692307693,0,1,0,0,0,0,0,0,0,0,0,0
1540449039.458498,3232236151,3232236033,1,0,1,0,-0.11538461538461539,0,1,0,0,0,0,0,0,0,0,0,0
1540449040.348843,3232236151,3232236033,1,0,1,0,-0.07692307692307693,0,1,0,0,0,0,0,0,0,0,0,0
1540449049.469003,3232236151,3232236033,1,0,1,0,-0.11538461538461539,0,1,0,0,0,0,0,0,0,0,0,0
1540449059.481122,3232236151,3232236033,1,0,1,0,-0.2692307692307692,0,1,0,0,0,0,0,0,0,0,0,0
